english,korean,partOfSpeech,example
dull,"지루한, 무딘",Adjective,The lecture was dull and difficult to follow.
duly,"적절히, 정식으로",Adverb,The form was duly signed and submitted.
dupe,"속이다, 속은 사람",Verb,The scammer tried to dupe elderly customers.
duplicity,"이중성, 표리부동",Noun,His duplicity destroyed the trust between them.
durable,내구성이 있는,Adjective,These shoes are durable enough for long trips.
duress,"강요, 협박",Noun,He signed the document under duress.
dutiful,"충실한, 의무를 다하는",Adjective,She is a dutiful employee who follows every rule.
dwarf,"작아 보이게 하다, 소형의",Verb,The new tower dwarfs the buildings around it.
earthly,세속의,Adjective,He cared little about earthly wealth.
eavesdrop,엿듣다,Verb,It is rude to eavesdrop on private conversations.
ebb,"썰물, 쇠퇴하다",Verb,Public interest began to ebb after a few weeks.
eccentric,"괴짜의, 별난",Adjective,The eccentric artist lived in a colorful house.
eclectic,절충적인,Adjective,"Her eclectic taste includes jazz, rock, and classical music."
eclipse,"가리다, 능가하다",Verb,Her latest performance eclipsed all her previous work.
economical,"경제적인, 절약하는",Adjective,Taking the bus is more economical than driving alone.
ecstasy,황홀,Noun,The fans were in ecstasy after the final goal.
edict,칙령,Noun,The ruler issued an edict to change the law.
edify,교화하다,Verb,Good books can entertain and edify young readers.
efface,지우다,Verb,Time could not efface the memory of that day.
effectual,효과적인,Adjective,The new safety measure proved effectual.
effervescent,"거품이 이는, 활기찬",Adjective,Her effervescent personality brightened the room.
efficacious,유효한,Adjective,The treatment was efficacious in reducing the symptoms.
efficiency,효율,Noun,The new software improved the team's efficiency.
effrontery,뻔뻔스러움,Noun,He had the effrontery to demand another favor.
effusive,감정이 넘치는,Adjective,She gave us an effusive welcome at the airport.
egalitarian,평등주의의,Adjective,The group promotes an egalitarian approach to education.
egoistic,이기적인,Adjective,His egoistic behavior made teamwork difficult.
egregious,"지독한, 악명 높은",Adjective,The report contained an egregious error.
elapse,경과하다,Verb,Several hours elapsed before the train arrived.
elated,의기양양한,Adjective,She felt elated after hearing the good news.
elation,의기양양,Noun,He could not hide his elation after winning.
electorate,유권자 전체,Noun,The candidate tried to appeal to the younger electorate.
elegiac,애가풍의,Adjective,The poem has an elegiac tone of loss and memory.
elevate,올리다,Verb,Regular exercise can elevate your mood.
elicit,이끌어내다,Verb,The question elicited an honest response.
elite,"엘리트, 최상류층",Noun,The program trains an elite group of athletes.
elixir,"만병통치약, 비약",Noun,There is no magical elixir for instant success.
elusive,파악하기 어려운,Adjective,The answer remained elusive despite hours of research.
embalm,방부 처리하다,Verb,Ancient Egyptians used special methods to embalm the dead.
embargo,통상 금지,Noun,The country imposed an embargo on certain goods.
embark,"착수하다, 승선하다",Verb,She decided to embark on a new career.
embarrass,당황하게 하다,Verb,I did not mean to embarrass you in front of everyone.
embassy,대사관,Noun,We contacted the embassy for travel assistance.
embellish,장식하다,Verb,She embellished the story with colorful details.
emblem,상징,Noun,The eagle is used as a national emblem.
embolden,대담하게 하다,Verb,The early success emboldened the team to take more risks.
embroil,휘말리게 하다,Verb,The dispute embroiled several neighboring countries.
eminence,명성,Noun,The scientist achieved eminence in her field.
eminent,저명한,Adjective,An eminent professor gave the opening lecture.
empathy,공감,Noun,A good leader should show empathy toward others.
empirical,경험적인,Adjective,The conclusion is supported by empirical evidence.
empower,권한을 부여하다,Verb,Good education can empower people to make better choices.
emulate,"모방하다, 겨루다",Verb,Young players often try to emulate their heroes.
enamored,"반한, 매혹된",Adjective,She became enamored with the peaceful coastal town.
encase,"싸다, 넣다",Verb,The device is encased in a protective shell.
encompass,"포함하다, 둘러싸다",Verb,The course encompasses both theory and practice.
encode,암호화하다,Verb,The system encodes the data before transmission.
endemic,"고유한, 풍토성의",Adjective,This species is endemic to the island.
endorse,"지지하다, 배서하다",Verb,Several experts endorsed the new proposal.
endurance,인내,Noun,Long-distance running requires great endurance.
energetic,활발한,Adjective,The energetic children played outside all afternoon.
enforce,집행하다,Verb,Police must enforce the law fairly.
engender,"낳다, 야기하다",Verb,Poor communication can engender unnecessary conflict.
enigma,수수께끼,Noun,The cause of the strange signal remains an enigma.
enlighten,계몽하다,Verb,The documentary helped enlighten viewers about climate change.
enliven,활기를 띠게 하다,Verb,Music can enliven the atmosphere at a party.
enrage,격분시키다,Verb,The unfair decision enraged many local residents.
ensue,뒤따르다,Verb,A heated discussion ensued after the announcement.
entangle,얽히게 하다,Verb,The fishing line became entangled in the branches.
enthrall,매혹하다,Verb,The performance enthralled the entire audience.
entice,유혹하다,Verb,The store used discounts to entice new customers.
entitle,"자격을 주다, 제목을 붙이다",Verb,This ticket will entitle you to free admission.
